{
  "token_acc":1.0,
  "token_p":1.0,
  "token_r":1.0,
  "token_f":1.0,
  "ents_p":0.8863636364,
  "ents_r":0.9873417722,
  "ents_f":0.9341317365,
  "ents_per_type":{
    "COLOR":{
      "p":0.8863636364,
      "r":0.9873417722,
      "f":0.9341317365
    }
  },
  "speed":937.6925349778
}